{
	"__v" : NumberInt(0),
	"_id" : ObjectId("5d43d50b44f8260004ee698d"),
	"address" : "Gg",
	"color" : "xanh",
	"datebuy" : "lúc13 giờ :15 phút -2/8/2019",
	"email" : "tuan@gmail.com",
	"fullname" : "Vvv",
	"nameproduct" : "lenovo 500",
	"numberphone" : "888",
	"payment" : "Thanh toán tại nhà",
	"status" : "Đặt hàng thành công",
	"sumprice" : NumberInt(50000),
	"url" : "https://firebasestorage.googleapis.com/v0/b/test-8ca79.appspot.com/o/imagepnng%2Ftv.png?alt=media&token=3f4e6226-3d1b-4adf-b994-20861d595c12"
},
{
	"__v" : NumberInt(0),
	"_id" : ObjectId("5d43d8a744f8260004ee698f"),
	"address" : "Tiên du",
	"color" : "xanh",
	"datebuy" : "lúc13 giờ :30 phút -2/8/2019",
	"email" : "tuan@fpt.edu.vn",
	"fullname" : "tuan",
	"nameproduct" : "Asus gaming 500",
	"numberphone" : "0912345678",
	"payment" : "Thanh toán tại nhà",
	"status" : "Đặt hàng thành công",
	"sumprice" : NumberInt(500000),
	"url" : "https://firebasestorage.googleapis.com/v0/b/test-8ca79.appspot.com/o/imagepnng%2Fasus.jpg?alt=media&token=7c02d366-1f05-499b-b74a-7ff3b852baa1"
},
{
	"__v" : NumberInt(0),
	"_id" : ObjectId("5d43da3244f8260004ee6990"),
	"address" : "Ccc",
	"color" : "xanh",
	"datebuy" : "lúc13 giờ :37 phút -2/8/2019",
	"email" : "tuan@fpt.edu.vn",
	"fullname" : "tuann",
	"nameproduct" : "Asus gaming 500",
	"numberphone" : "000",
	"payment" : "Thanh toán tại nhà",
	"status" : "Đặt hàng thành công",
	"sumprice" : NumberInt(500000),
	"url" : "https://firebasestorage.googleapis.com/v0/b/test-8ca79.appspot.com/o/imagepnng%2Fasus.jpg?alt=media&token=7c02d366-1f05-499b-b74a-7ff3b852baa1"
},
