{
	"__v" : NumberInt(0),
	"_id" : ObjectId("5d3a9e1c9b44742d1ca534e8"),
	"category" : "Máy tính bảng",
	"description" : "OK",
	"name" : "Vivo",
	"price" : NumberInt(23000000),
	"urlimage" : "http://tuyengiao.vn/Uploads/2013/4/27/068sony-tablet-1.jpg"
},
{
	"__v" : NumberInt(0),
	"_id" : ObjectId("5d3a9ebc9b44742d1ca534ea"),
	"category" : "Đẹp",
	"description" : "có sức mạnh",
	"name" : "Girl 5",
	"price" : NumberInt(500000),
	"urlimage" : "https://showbizvn.com/wp-content/uploads/thumbs/466x313/2018/02/21/4-hot-girl-xinh-dep-U30-chua-chiu-lay-chong-showbizvn-21022018-a1.jpg"
},
{
	"__v" : NumberInt(0),
	"_id" : ObjectId("5d3663f85664000004d14e1c"),
	"category" : "Điện thoại",
	"description" : "Rẻ tiền phù hợp nhiều đối tg",
	"name" : "Xiaomi Mi9",
	"price" : NumberInt(50000),
	"urlimage" : "https://www.macitynet.it/wp-content/uploads/2018/12/xiaomi-mi-9-6-960x720.jpg"
},
{
	"__v" : NumberInt(0),
	"_id" : ObjectId("5d3d9010504f810004a8eff0"),
	"category" : "XInh gái",
	"description" : "OK",
	"name" : "Girl 101",
	"price" : NumberInt(6000),
	"urlimage" : "https://img.saobiz.net/d/2017/04/cuoc-doi-va-tinh-yeu-cua-thuy-ribi-faptv-1.jpg"
},
{
	"__v" : NumberInt(0),
	"_id" : ObjectId("5d3efbc2a574b30004c64081"),
	"category" : "Đẹp",
	"description" : "ngầu ko cần nói",
	"name" : "Girl 002",
	"price" : NumberInt(4000000),
	"urlimage" : "https://2img.net/h/s25.postimg.cc/917s48lnj/25666103734_e051e6c80a_b.jpg"
},
{
	"__v" : NumberInt(0),
	"_id" : ObjectId("5d3a9e8b9b44742d1ca534e9"),
	"category" : "Ngon",
	"description" : "Sản phẩm cho rik kid",
	"name" : "Girl 4",
	"price" : NumberInt(200000),
	"urlimage" : "https://image.giaoducthoidai.vn/Uploaded/tranghn/2019-04-07/hot-XZVA.jpg?width=500"
},
{
	"__v" : NumberInt(0),
	"_id" : ObjectId("5d3f07e9249d19000479dbb0"),
	"category" : "Hot",
	"description" : "siêu phẩm china",
	"name" : "Girl 552",
	"price" : NumberInt(1700500),
	"urlimage" : "https://cdn-ak.f.st-hatena.com/images/fotolife/h/hangmeo/20180118/20180118114332.jpg"
},
{
	"__v" : NumberInt(0),
	"_id" : ObjectId("5d359c945c37aa000406afae"),
	"category" : "Laptop",
	"description" : "siêu phẳng",
	"name" : "Sony",
	"price" : NumberInt(50000),
	"urlimage" : "http://genknews.genkcdn.vn/2013/1380377417179.jpg"
},
{
	"__v" : NumberInt(0),
	"_id" : ObjectId("5d50d972a80c6036b4289b66"),
	"category" : "Girl xinh",
	"description" : "OK",
	"name" : "Girl số 2",
	"price" : NumberInt(100000),
	"urlimage" : "https://i0.wp.com/thuvienanh.net/wp-content/uploads/2019/04/1555191595_hinh-nen-girl-xinh-nhat-ban-dep-hd-06.jpg?fit=1900%2C1266&ssl=1"
},
{
	"__v" : NumberInt(0),
	"_id" : ObjectId("5d54a9c5b9636d23a0e0a73c"),
	"category" : "điện thoại",
	"description" : "chất",
	"name" : "a",
	"price" : NumberInt(50000),
	"urlimage" : "https://stcv4.hnammobile.com//uploads/products/colors/2/iphone-x-64gb-copy-3366722306-jpg.jpg"
},
{
	"__v" : NumberInt(0),
	"_id" : ObjectId("5d55656543d2912d14b7169e"),
	"category" : "đá",
	"description" : "siêu phẩm china",
	"name" : "aa",
	"price" : NumberInt(6000),
	"urlimage" : "https://i0.wp.com/thuvienanh.net/wp-content/uploads/2019/04/1555191595_hinh-nen-girl-xinh-nhat-ban-dep-hd-06.jpg?fit=1900%2C1266&ssl=1"
},
