{
	"_id" : ObjectId("5d3c65901c9d440000537569"),
	"url" : "https://firebasestorage.googleapis.com/v0/b/test-8ca79.appspot.com/o/slide%2Fanhbia5.jpg?alt=media&token=361645ca-d580-442c-b5d7-b2a2b0d10b0a"
},
{
	"_id" : ObjectId("5d3c653a1c9d440000537567"),
	"url" : "https://firebasestorage.googleapis.com/v0/b/test-8ca79.appspot.com/o/slide%2Fanhbia2.jpg?alt=media&token=6eba85b0-15de-4b33-940f-02aed9fa0fdd"
},
{
	"_id" : ObjectId("5d3c65a71c9d44000053756a"),
	"url" : "https://firebasestorage.googleapis.com/v0/b/test-8ca79.appspot.com/o/slide%2Fanhbia8.jpg?alt=media&token=1549a924-423a-4808-be0e-61cb0eecefa9"
},
{
	"_id" : ObjectId("5d3c65611c9d440000537568"),
	"url" : "https://firebasestorage.googleapis.com/v0/b/test-8ca79.appspot.com/o/slide%2Fanhbia3.jpg?alt=media&token=418785ed-4909-44b2-8550-ace071c638f6"
},
