{
	"__v" : NumberInt(2),
	"_id" : ObjectId("5d50c57e179ba12d78d2830f"),
	"date" : ISODate("2019-08-12T08:48:46.492+07:00"),
	"email" : "hung@gmail.com",
	"name" : "hung",
	"password" : "$2a$10$uTJYoKCX91Y1MozSZSVxH.mxbBu0GpewgvG9awQY3aaYs52DAY8qG"
},
{
	"__v" : NumberInt(2),
	"_id" : ObjectId("5d49f9af79e64831240c29cd"),
	"date" : ISODate("2019-08-07T05:05:35.558+07:00"),
	"email" : "aaa@gmail.com",
	"name" : "aa",
	"password" : "$2a$10$JUWbJavO.FVXUuYSUQLXVOvvkpNiQP/hJ8zHrhz9JkM8ubMEkUxlq"
},
{
	"__v" : NumberInt(2),
	"_id" : ObjectId("5d50f49d0460591ab8f89956"),
	"date" : ISODate("2019-08-12T12:09:49.321+07:00"),
	"email" : "giahung@gmail.com",
	"name" : "hung",
	"password" : "$2a$10$bMCq6lP5tVOTaNe8mpknAuGvyxVY3mSuaQqfJ/tmtelriWQFhQlrS"
},
{
	"__v" : NumberInt(0),
	"_id" : ObjectId("5d51415c37c662048850f2fb"),
	"date" : ISODate("2019-08-12T17:37:16.450+07:00"),
	"email" : "k@gmail.com",
	"name" : "hihi",
	"password" : "$2a$10$JbjI0SfUQvKmgtJfJCvE4eyXk3kBBjT/K1om0lQZ/vjV0i6gizwre"
},
{
	"__v" : NumberInt(0),
	"_id" : ObjectId("5d51429af827512b8c68bc20"),
	"date" : ISODate("2019-08-12T17:42:34.631+07:00"),
	"email" : "g@gmail.com",
	"name" : "hhhh",
	"password" : "$2a$10$BBt4Hn3230v5QRM5KQadkOe.Cdgej1cfSUyPZEgTA3T7SuLLuAwJK"
},
{
	"__v" : NumberInt(0),
	"_id" : ObjectId("5d5142e90438eb03a85f9882"),
	"date" : ISODate("2019-08-12T17:43:53.791+07:00"),
	"email" : "s@gmail.com",
	"name" : "aa",
	"password" : "$2a$10$F/FeF.dHWzFkw1s2oHU7BeSFXcbdTHNfqUZSaEGIaw.PK/6UMvrqe"
},
{
	"__v" : NumberInt(0),
	"_id" : ObjectId("5d51439d66853241d82a3994"),
	"date" : ISODate("2019-08-12T17:46:53.228+07:00"),
	"email" : "t@gmail.com",
	"name" : "aaa",
	"password" : "$2a$10$fPk8FlNl3YrvjImyLrhMXOaJ3xrzpGW8Yufnjli3EHWv0EF/uXsWe"
},
{
	"__v" : NumberInt(0),
	"_id" : ObjectId("5d5143fc4a96ee251c599600"),
	"date" : ISODate("2019-08-12T17:48:28.136+07:00"),
	"email" : "d@a.c",
	"name" : "d@a.c",
	"password" : "$2a$10$9L8UWiDFiRQcD4l.DExQdekWGLbSHpdoTH0yPYhd0BBFzTfRM4p2G"
},
{
	"__v" : NumberInt(0),
	"_id" : ObjectId("5d5144d14a96ee251c599601"),
	"date" : ISODate("2019-08-12T17:52:01.396+07:00"),
	"email" : "trangiahung09@gmail.com",
	"name" : "rrr",
	"password" : "$2a$10$tEHepcZewy16/PT3.0BG4el3rStA1luJc5NR7su.dA1fh56aRfI9."
},
{
	"__v" : NumberInt(0),
	"_id" : ObjectId("5d55fca06b2612031635539d"),
	"date" : ISODate("2019-08-16T07:45:20.902+07:00"),
	"email" : "hungnttg@gmail.com",
	"name" : "hnq",
	"password" : "$2a$10$LqFMA5vh3Q3gfTe3Gqfd.e6qLrmHFgUWpyEOQdUazi5eBOL4rMSGC"
},
